species	bold_names	source	divergence
Ancistrus cirrhosus	Ancistrus cirrhosus	Pereira et al. 2013 BMC Genetics 14:20, Table 3	max 2.5%, 3 subclusters
Astyanax altiparanae	Astyanax altiparanae,Psalidodon altiparanae	Pereira et al. 2013, Table 3	2.6% between 2 subclusters
Bryconamericus iheringii	Bryconamericus iheringii	Pereira et al. 2013, Table 3	1.8%
Bryconamericus stramineus	Bryconamericus stramineus	Pereira et al. 2013, Table 3	2.2%
Cetopsorhamdia iheringi	Cetopsorhamdia iheringi	Pereira et al. 2013, Table 3	1.4 to 2.5%
Hoplias intermedius	Hoplias intermedius	Pereira et al. 2013, Table 3	4.0%
Iheringichthys labrosus	Iheringichthys labrosus	Pereira et al. 2013, Table 3	2.5%
Leporinus amblyrhynchus	Leporinus amblyrhynchus	Pereira et al. 2013, Table 3	2.1%
Oligosarcus paranensis	Oligosarcus paranensis	Pereira et al. 2013, Table 3	1.6 to 2.1%
Phalloceros harpagos	Phalloceros harpagos,Phalloceros harpagus	Pereira et al. 2013, Table 3	1.7 to 2.2%
Piabina argentea	Piabina argentea	Pereira et al. 2013, Table 3	1.9 to 5.6%, 6 subclusters
Pseudoplatystoma reticulatum	Pseudoplatystoma reticulatum	Pereira et al. 2013, Table 3	3.1%
Rineloricaria latirostris	Rineloricaria latirostris	Pereira et al. 2013, Table 3	7.3%
Synbranchus marmoratus	Synbranchus marmoratus	Pereira et al. 2013, Table 3; Rosso et al. 2012	2.9 to 8.0%
Salminus brasiliensis	Salminus brasiliensis	Rosso et al. 2012 Mol Ecol Resour 12:999-1011	>3% vs rest of range
Rhamdia quelen	Rhamdia quelen	Rosso et al. 2012; Ribolli et al. 2021 Genet Mol Biol (PMC8276235)	complex, 9 cis-Andean lineages in genus
Hoplias malabaricus	Hoplias malabaricus	Rosso et al. 2012	>3% vs rest of range
Australoheros facetus	Australoheros facetus	Rosso et al. 2012	>3% vs rest of range
Oligosarcus jenynsii	Oligosarcus jenynsii	Rosso et al. 2012	>3% vs rest of range
Corydoras paleatus	Corydoras paleatus	Rosso et al. 2012	>3% vs rest of range
