species	source	note
Salminus brasiliensis	Rosso et al. 2012, Mol Ecol Resour 12:999-1011	Over 3% between southern populations and the rest of the range.
Phalloceros harpagos	Pereira et al. 2013, BMC Genetics 14:20, Table 3	1.7 to 2.2% within the species in the Upper Paraná.
Astyanax laticeps	Integrative diagnosis of the Psalidodon scabripinnis complex, Neotropical Ichthyology	Southern barcodes of the complex support splitting P. laticeps. One of its BINs is the mixed BOLD:AAC5910. Its second own BIN, BOLD:AAB3435, also holds a Deuterodon langei record, which fits the 17% distance better than a cryptic Astyanax does.
Phalloceros titthos		Its main BIN also holds one P. harpagos record.
Synbranchus marmoratus	Pereira et al. 2013, Table 3; Rosso et al. 2012	2.9 to 8.0%, a known species complex.
Piabina argentea	Pereira et al. 2013, Table 3	1.9 to 5.6%, 6 subclusters in the Upper Paraná.
Pimelodus maculatus	Biology 2024, 13:162, doi:10.3390/biology13030162	Several MOTUs across basins.
Apareiodon affinis	PMC6726146	Two genetic groups and an undescribed species.
Rhamdia quelen	Ribolli et al. 2021, Genet Mol Biol (PMC8276235)	Ribolli et al. work on Rhamdia lineages with BINs on SC material; either the vouchers are R. voulezi and R. branneri, or the three names do not separate in COI.
Corydoras paleatus	Rosso et al. 2012	Rosso et al. report over 3% between southern C. paleatus and the rest of the range, so these records may be a lineage rather than a misidentification.
